22362,1.22,3.33,-9.14,-0.00,-0.05,-0.07,282.27,23.80
23437,1.57,2.20,-9.81,0.30,-0.03,-0.27,282.29,23.80
24497,0.08,0.47,-9.69,-0.19,-0.28,-1.06,282.25,23.80
25558,0.24,1.57,-10.08,-0.19,-0.64,0.17,282.29,23.80
26619,0.08,2.35,-9.18,-0.05,-0.09,-0.19,282.27,23.80
27679,0.27,2.47,-9.53,0.02,-0.06,-0.04,282.25,23.80
28740,1.73,2.43,-9.49,-0.28,-0.22,1.08,282.27,23.80
29800,0.67,2.08,-8.55,0.01,-0.59,0.61,282.28,23.80
30861,-0.08,2.94,-9.65,-0.20,-0.12,-0.05,282.24,23.80
31921,0.82,3.22,-9.45,-0.12,0.05,-0.20,282.29,23.80
32987,0.27,3.10,-9.89,-0.13,-0.26,-0.03,282.28,23.80
34058,0.71,2.47,-9.38,-0.01,0.23,0.21,282.28,23.80
35119,0.47,3.49,-9.26,0.14,-0.11,-0.12,282.28,23.80
36192,0.98,3.49,-9.22,0.01,-0.11,0.06,282.26,23.80
37253,0.63,3.73,-8.83,-0.05,-0.06,-0.04,282.27,23.80
38313,1.10,3.57,-9.14,-0.03,-0.11,0.06,282.30,23.80
39374,0.86,3.69,-9.10,0.04,-0.22,0.02,282.29,23.80
40435,0.82,3.96,-8.90,0.04,-0.11,-0.04,282.27,23.80
41495,0.63,3.41,-9.26,-0.05,-0.10,0.05,282.31,23.80
42556,0.27,3.92,-8.94,-0.00,-0.15,-0.06,282.30,23.80
43622,-0.24,3.65,-9.34,-0.05,-0.06,0.08,282.29,23.80
44682,0.43,3.30,-9.85,-0.04,0.02,-0.01,282.30,23.80
45742,0.47,2.71,-9.61,-0.06,-0.29,-0.49,282.32,23.80
46803,0.59,2.86,-9.49,0.03,-0.11,-0.07,282.30,23.80
47863,0.47,2.67,-9.38,-0.16,-0.16,0.18,282.34,23.80
48924,0.35,1.69,-9.45,0.01,-0.03,0.06,282.30,23.90
49985,0.12,1.10,-9.73,0.19,0.05,0.30,282.29,23.80
51045,1.84,0.35,-8.79,0.01,0.19,-0.53,282.34,23.90
52106,3.80,-0.71,-9.77,-0.21,-0.24,0.30,282.37,23.80
53172,0.51,-1.45,-8.90,0.24,-0.34,-1.22,282.29,23.90
54232,1.37,1.92,-20.01,-0.30,-0.10,-1.04,282.34,23.80
55293,0.20,-0.04,-9.92,0.01,-0.07,-0.02,282.31,23.80
56368,0.27,1.10,-9.96,0.09,-0.24,-0.04,282.32,23.90
57429,0.16,-0.20,-10.08,-0.01,-0.05,-0.02,282.30,23.80
58489,-0.86,2.59,-7.65,-0.09,-0.51,0.40,282.32,23.80
59550,0.20,-0.16,-9.85,0.01,-0.07,-0.01,282.31,23.90
60610,0.63,0.00,-9.89,0.00,-0.07,0.15,282.35,23.90
61671,0.20,0.00,-9.85,0.04,-0.08,0.05,282.35,23.90
62731,-0.90,-0.31,-11.02,0.11,-0.10,0.01,282.34,23.90
63797,0.12,-0.39,-10.00,0.00,-0.07,0.03,282.32,23.90
64882,0.24,-0.31,-10.00,0.01,-0.06,-0.04,282.34,23.90
65942,-0.08,0.04,-9.65,-0.01,-0.08,-0.03,282.34,23.90
67003,0.47,-0.39,-9.34,0.03,-0.05,-0.01,282.35,23.90
68064,0.31,-0.24,-9.81,0.02,-0.07,-0.01,282.34,23.90
69124,0.20,-0.08,-10.08,0.02,-0.07,-0.01,282.34,23.90
70185,0.20,-0.04,-9.81,0.02,-0.07,-0.01,282.32,23.90
71245,0.12,0.00,-9.96,0.01,-0.06,-0.01,282.34,23.90
72306,0.00,0.16,-9.85,-0.02,-0.06,0.00,282.32,23.90
73372,0.20,0.08,-9.77,-0.01,-0.06,-0.03,282.30,23.90
74433,0.24,-0.12,-10.40,0.03,-0.07,-0.04,282.32,23.90
75493,0.16,-0.12,-10.00,0.02,-0.07,-0.05,282.35,23.90
76554,0.24,-0.12,-10.04,-0.01,-0.07,-0.04,282.34,23.90
77614,0.12,-0.51,-10.20,0.03,-0.07,-0.01,282.34,23.90
78675,0.20,0.00,-9.96,-0.00,-0.05,-0.01,282.35,23.90
79736,0.16,-0.08,-9.85,0.02,-0.09,-0.02,282.39,23.90
80796,0.16,-0.08,-10.00,0.01,-0.06,-0.00,282.35,23.90
81857,0.04,0.47,-9.65,-0.00,-0.06,-0.11,282.35,23.90
82917,0.35,0.08,-9.92,0.00,-0.05,0.00,282.37,23.90
83983,0.27,-0.20,-9.65,0.01,-0.06,-0.02,282.37,23.90
85043,0.20,-0.12,-9.92,-0.00,-0.06,-0.00,282.32,23.90
86104,0.08,0.12,-10.04,-0.01,-0.07,-0.03,282.36,23.90
87165,0.20,-0.04,-9.92,0.02,-0.07,-0.01,282.34,23.90
88225,0.20,-0.24,-9.81,0.02,-0.10,-0.02,282.38,23.90
89297,0.20,-0.16,-9.81,0.01,-0.06,-0.01,282.36,23.90
90357,-0.20,0.31,-9.92,0.03,-0.05,0.08,282.36,23.90
91418,0.16,0.00,-9.81,-0.01,-0.05,-0.04,282.35,23.90
92478,0.67,-0.16,-9.89,0.03,-0.06,-0.02,282.34,23.90
93544,0.04,-0.20,-9.92,-0.00,-0.06,-0.00,282.35,23.90
94604,0.08,-0.08,-9.89,0.01,-0.06,-0.01,282.31,23.90
95665,-0.04,-0.98,-10.47,0.06,-0.06,-0.02,282.35,23.90
96726,0.16,0.16,-9.57,-0.01,-0.05,-0.02,282.36,23.90
97786,0.16,-0.08,-9.89,0.01,-0.07,0.00,282.37,23.90
98847,0.24,-0.20,-9.81,0.03,-0.04,-0.02,282.35,23.90
99919,0.31,0.12,-9.92,0.02,-0.05,-0.04,282.37,23.90
100980,0.08,-0.35,-9.85,0.02,-0.07,-0.01,282.39,23.90
102040,0.00,-0.12,-9.92,0.01,-0.07,0.00,282.37,23.90
103101,0.16,-0.27,-10.00,0.01,-0.06,0.00,282.36,23.90
104182,0.08,-0.35,-9.89,0.01,-0.06,-0.00,282.37,23.90
105242,0.04,0.00,-10.00,0.01,-0.07,-0.03,282.37,23.90
106303,0.08,0.04,-10.00,0.01,-0.06,-0.01,282.39,23.90
107363,0.47,0.00,-9.85,0.01,-0.05,-0.03,282.36,23.90
108424,0.16,-0.20,-9.69,0.02,-0.09,-0.20,282.39,23.90
109484,0.24,-0.12,-10.04,0.02,-0.06,0.02,282.38,23.90
110545,0.04,-0.04,-9.81,-0.01,-0.05,-0.03,282.38,23.90
111630,0.12,-0.04,-9.96,0.01,-0.06,-0.02,282.40,23.90
112690,0.12,-0.35,-10.16,0.03,-0.08,-0.03,282.40,23.90
113756,0.16,0.04,-9.73,-0.00,-0.06,0.00,282.38,23.90
114817,0.16,-0.04,-9.89,0.00,-0.06,-0.03,282.39,23.90
115877,0.08,-0.12,-9.96,0.01,-0.07,-0.02,282.38,23.90
116938,0.20,0.08,-9.89,0.01,-0.06,-0.02,282.36,23.90
117998,-0.08,-0.16,-10.00,0.01,-0.07,-0.03,282.39,23.90
119059,0.16,-0.12,-9.96,0.01,-0.06,-0.01,282.37,23.90
120120,0.16,-0.12,-10.08,0.01,-0.06,-0.01,282.40,23.90
121180,0.31,-0.12,-9.89,0.01,-0.05,-0.13,282.39,23.90
122241,0.08,-0.08,-9.96,-0.00,-0.06,-0.01,282.43,23.90
123307,0.08,-0.04,-9.85,0.01,-0.06,0.01,282.40,23.90
124367,0.39,0.31,-9.69,0.02,-0.07,-0.02,282.39,23.90
125428,0.16,-0.16,-10.12,0.01,-0.07,-0.06,282.39,23.90
126488,-0.08,0.00,-9.77,-0.00,-0.06,-0.01,282.40,23.90
127549,0.12,-0.04,-9.89,-0.01,-0.06,-0.01,282.46,23.90
128609,0.20,0.00,-9.89,0.01,-0.06,-0.01,282.39,23.90
129670,0.20,-0.04,-10.04,-0.00,-0.06,-0.02,282.40,23.90
130731,0.20,-0.08,-9.96,0.01,-0.06,-0.01,282.38,23.90
131791,0.16,0.00,-9.92,0.01,-0.06,-0.02,282.39,23.90
132852,0.20,-0.04,-9.96,0.01,-0.06,-0.01,282.39,23.90
133918,0.16,-0.04,-9.92,0.01,-0.06,-0.01,282.43,23.90
134978,0.08,-0.04,-9.96,0.01,-0.06,-0.01,282.43,23.90
136038,-0.16,-0.35,-10.87,0.07,-0.06,-0.24,282.45,23.90
137099,0.08,-0.16,-10.00,0.01,-0.06,-0.01,282.40,23.90
138160,0.12,-0.08,-9.92,0.01,-0.06,-0.01,282.42,23.90
139220,0.12,-0.12,-9.96,0.01,-0.06,-0.01,282.40,23.90
140281,0.47,0.04,-9.81,0.02,-0.08,-0.18,282.46,23.90
141341,0.12,-0.04,-9.96,0.02,-0.06,-0.01,282.43,23.90
142402,0.08,-0.04,-9.85,0.01,-0.06,-0.01,282.42,23.90
143479,0.12,-0.08,-9.92,0.01,-0.06,-0.01,282.46,23.90
144539,0.12,0.00,-9.89,0.01,-0.06,-0.01,282.44,23.90
145600,0.08,-0.08,-9.89,0.01,-0.06,-0.01,282.44,23.90
146660,0.00,-0.08,-9.89,0.01,-0.06,-0.01,282.42,23.90
147721,0.12,-0.04,-9.92,0.01,-0.06,-0.01,282.43,23.90
148782,0.12,-0.04,-9.96,0.01,-0.06,-0.01,282.41,23.90
149842,0.16,-0.08,-10.00,0.01,-0.06,-0.02,282.45,23.90
150903,0.12,-0.04,-9.96,0.01,-0.06,-0.01,282.43,23.90
151963,0.08,-0.04,-9.92,0.01,-0.06,-0.01,282.40,23.90
153044,0.12,-0.12,-9.96,0.01,-0.06,-0.01,282.44,23.90
154105,0.00,-0.12,-9.92,0.01,-0.06,-0.01,282.43,23.90
155165,0.08,0.04,-9.96,0.01,-0.06,-0.01,282.44,23.90
156226,0.04,-0.27,-9.96,0.01,-0.06,-0.01,282.46,23.90
157286,-0.04,0.00,-9.89,0.00,-0.06,-0.01,282.41,23.90
158371,0.08,-0.24,-9.96,0.01,-0.06,-0.01,282.44,23.90
159432,0.31,-0.20,-9.96,0.01,-0.06,-0.01,282.47,23.90
160493,-0.04,0.00,-9.89,0.01,-0.06,-0.01,282.40,23.90
161554,-0.04,-0.08,-9.89,0.01,-0.06,-0.01,282.43,23.90
162620,0.08,-0.04,-10.04,0.01,-0.06,-0.01,282.45,23.90
163692,0.12,-0.12,-10.08,0.01,-0.06,-0.01,282.43,23.90
164753,0.16,-0.20,-9.89,0.01,-0.06,-0.01,282.42,23.90
165813,0.16,-0.24,-9.96,0.01,-0.06,-0.01,282.45,23.90
166874,0.08,-0.16,-10.00,0.01,-0.06,-0.01,282.42,23.90
167934,0.08,0.12,-9.85,0.01,-0.06,-0.01,282.40,23.90
168995,0.08,-0.12,-9.85,0.01,-0.06,-0.01,282.45,23.90
170056,0.24,-0.31,-9.96,0.01,-0.06,-0.01,282.44,23.90
171116,0.16,-0.24,-9.96,0.01,-0.06,-0.01,282.44,23.90
172177,0.08,-0.08,-10.00,0.01,-0.06,-0.01,282.42,23.90
173243,0.04,-0.12,-9.89,0.01,-0.06,-0.01,282.43,23.90
174303,0.08,0.00,-9.92,0.01,-0.06,-0.01,282.46,23.90
175364,0.16,-0.24,-9.96,0.01,-0.06,-0.01,282.43,23.90
176424,0.12,-0.16,-9.89,0.01,-0.06,-0.01,282.41,23.90
177485,0.16,-0.16,-9.81,0.01,-0.06,-0.01,282.43,23.90
178545,0.08,0.00,-9.81,0.00,-0.06,-0.01,282.43,23.90
179606,0.12,-0.04,-9.85,0.01,-0.06,-0.01,282.44,23.90
180666,0.08,-0.12,-10.04,0.01,-0.06,-0.01,282.41,23.90
181727,0.12,-0.16,-9.96,0.01,-0.06,-0.01,282.44,23.90
182794,0.08,-0.12,-10.00,0.01,-0.06,-0.01,282.43,23.90
183854,0.12,-0.24,-9.85,0.01,-0.06,-0.01,282.41,23.90
184914,0.12,-0.16,-9.92,0.01,-0.06,-0.01,282.43,23.90
185975,0.00,-0.08,-9.85,0.01,-0.06,-0.01,282.41,23.90
187036,0.08,-0.12,-10.00,0.01,-0.06,-0.01,282.45,23.90
188096,0.08,-0.12,-9.89,0.01,-0.06,-0.01,282.45,23.90
189157,0.16,-0.12,-10.00,0.01,-0.06,-0.01,282.46,23.90
190217,0.12,-0.08,-9.96,0.01,-0.06,-0.01,282.47,23.90
191278,0.08,-0.12,-9.96,0.01,-0.06,-0.01,282.46,23.90
192344,0.04,0.08,-9.92,0.01,-0.06,-0.02,282.43,23.90
193404,0.08,-0.04,-9.85,0.01,-0.06,-0.01,282.42,23.90
194465,0.08,-0.04,-10.12,0.01,-0.06,-0.01,282.43,23.90
195525,-0.04,0.47,-9.81,0.02,-0.08,0.00,282.43,23.90
196586,-0.04,-0.43,-10.28,0.03,-0.07,-0.06,282.46,23.90
197647,0.04,-0.16,-9.85,0.01,-0.06,-0.01,282.45,23.90
198718,0.00,-0.12,-9.96,0.01,-0.06,-0.02,282.51,23.90
199779,0.04,-0.16,-9.92,0.01,-0.06,-0.01,282.45,23.90
200854,0.16,-0.20,-9.85,0.01,-0.06,-0.02,282.47,23.90
201915,0.08,-0.08,-9.92,0.01,-0.06,-0.01,282.43,23.90
202981,0.04,0.00,-9.92,0.01,-0.06,-0.02,282.42,23.90
204042,0.08,-0.24,-9.92,0.01,-0.06,-0.01,282.46,23.90
205127,0.00,-0.08,-9.92,0.01,-0.06,-0.01,282.46,23.90
206187,0.08,-0.20,-9.96,0.01,-0.06,-0.02,282.43,23.90
207248,-0.04,-0.04,-9.92,0.01,-0.06,-0.01,282.43,23.90
208308,0.08,-0.16,-10.12,0.01,-0.06,-0.01,282.45,23.90
209369,0.12,-0.12,-10.00,0.01,-0.06,-0.01,282.44,23.90
210429,0.00,0.12,-9.92,0.01,-0.06,-0.01,282.49,23.90
211490,0.16,-0.24,-9.85,0.01,-0.06,-0.02,282.45,23.90
212556,0.00,-0.16,-9.85,0.01,-0.06,-0.01,282.45,23.90
213616,0.00,-0.04,-9.92,0.01,-0.06,-0.01,282.48,23.90
214677,0.16,-0.12,-10.16,0.01,-0.06,-0.02,282.47,23.90
215738,0.12,-0.31,-9.96,0.01,-0.04,-0.01,282.47,23.90
216798,0.04,-0.20,-9.85,0.01,-0.06,-0.01,282.41,23.90
217859,0.04,-0.24,-9.85,0.01,-0.06,-0.02,282.44,23.90
218919,0.04,-0.12,-9.85,0.01,-0.06,-0.01,282.45,23.90
219980,0.16,-0.24,-9.96,0.01,-0.06,-0.01,282.50,23.90
221040,-0.12,0.00,-9.96,0.02,-0.06,-0.01,282.44,23.90
222106,0.04,-0.08,-9.92,0.01,-0.06,-0.01,282.46,23.90
223167,0.27,0.00,-10.08,0.00,-0.06,-0.01,282.48,23.90
224227,0.04,-0.27,-10.12,0.01,-0.06,-0.01,282.46,23.90
225288,-0.12,-0.20,-10.00,-0.03,-0.05,-0.02,282.45,23.90
226348,-0.20,0.24,-9.77,-0.01,-0.05,0.05,282.50,23.90
227421,-0.16,-0.08,-10.16,-0.02,-0.04,-0.07,282.45,23.90
228481,0.63,0.20,-10.20,0.12,-0.08,-0.39,282.45,23.90
229542,0.35,-0.12,-10.08,0.00,-0.06,0.00,282.43,23.90
230602,0.20,-0.27,-10.12,0.01,-0.06,-0.01,282.45,23.90
231669,-0.08,-0.16,-9.92,0.00,-0.07,0.05,282.45,23.90
232729,-0.08,0.27,-9.92,-0.01,-0.06,-0.04,282.44,23.90
233790,0.00,0.08,-9.96,-0.00,-0.07,0.00,282.46,23.90
234850,0.16,-0.08,-10.16,0.01,-0.06,-0.02,282.48,23.90
235911,0.27,-0.12,-10.16,0.01,-0.06,-0.01,282.45,23.90
236971,0.12,-0.12,-9.73,0.01,-0.06,-0.02,282.44,23.90
238032,0.16,-0.12,-9.81,0.01,-0.06,-0.01,282.44,23.90
239092,0.16,-0.08,-9.77,0.01,-0.06,-0.01,282.47,23.90
240153,0.08,-0.12,-9.81,0.01,-0.06,-0.01,282.47,23.90
241214,0.20,-0.08,-10.04,0.01,-0.06,-0.01,282.49,23.90
242280,0.12,-0.04,-9.92,0.01,-0.06,-0.01,282.49,23.90
243340,0.16,-0.16,-10.36,0.01,-0.06,-0.01,282.49,23.90
244401,0.20,0.00,-10.20,0.01,-0.06,-0.01,282.50,23.90
245461,0.24,0.04,-9.61,0.03,-0.05,0.12,282.52,23.90
246522,0.16,-0.16,-9.96,0.01,-0.06,-0.01,282.49,23.90
247582,0.00,0.00,-9.77,0.01,-0.06,-0.01,282.45,23.90
248658,0.12,-0.04,-9.92,0.01,-0.06,-0.01,282.50,23.90
249719,0.12,-0.12,-10.04,0.01,-0.06,-0.01,282.53,23.90
250779,0.16,-0.08,-9.85,0.01,-0.06,-0.01,282.49,23.90
251870,0.20,-0.08,-10.00,0.01,-0.06,-0.01,282.48,23.90
252941,0.20,-0.08,-9.77,0.01,-0.06,-0.01,282.47,23.90
254001,0.16,-0.04,-10.00,0.01,-0.06,-0.01,282.47,23.90
255062,0.20,-0.12,-10.00,0.00,-0.07,-0.01,282.48,23.90
256123,0.24,-0.12,-9.89,0.01,-0.06,-0.01,282.57,23.90
257183,0.20,-0.04,-9.96,0.01,-0.06,-0.01,282.49,23.90
258244,0.24,-0.04,-9.92,0.01,-0.06,-0.01,282.55,23.90
259305,0.08,-0.08,-9.92,0.01,-0.06,-0.01,282.48,23.90
260366,0.16,-0.04,-9.92,0.01,-0.06,-0.01,282.55,23.90
261432,0.08,-0.04,-10.04,0.01,-0.06,-0.01,282.55,23.90
262492,0.04,-0.04,-10.04,0.01,-0.06,-0.01,282.52,23.90
263553,0.16,-0.16,-9.96,0.01,-0.06,-0.01,282.52,23.90
264614,0.08,-0.08,-10.12,0.01,-0.06,-0.01,282.51,23.90
265674,0.04,-0.08,-9.92,0.01,-0.06,-0.02,282.54,23.90
266735,0.16,-0.12,-9.77,0.01,-0.06,-0.01,282.52,23.90
267795,0.08,0.00,-9.92,0.01,-0.06,-0.01,282.49,23.90
268856,0.16,-0.08,-10.00,0.01,-0.06,-0.01,282.56,23.90
269916,-1.06,-0.67,-10.04,-0.05,-0.17,0.42,282.53,23.90
270983,0.08,-0.27,-9.96,0.04,-0.05,-0.03,282.51,23.90
272043,-0.20,0.63,-9.96,0.04,-0.06,0.13,282.54,23.90
273104,0.24,-0.08,-9.92,0.01,-0.06,-0.01,282.54,23.90
274164,0.20,-0.08,-9.81,0.01,-0.06,-0.01,282.50,23.90
275225,0.16,-0.04,-9.85,0.01,-0.06,-0.01,282.50,23.90
276285,0.20,-0.04,-10.00,0.01,-0.06,-0.01,282.54,23.90
277346,0.20,-0.04,-9.89,0.01,-0.06,-0.01,282.49,23.90
278406,0.20,-0.08,-10.00,0.01,-0.06,-0.01,282.51,23.90
279467,0.24,-0.08,-10.00,0.01,-0.06,-0.01,282.49,23.90
280528,0.20,-0.04,-9.92,0.01,-0.06,-0.01,282.51,23.90
281594,0.20,-0.08,-9.96,0.01,-0.06,-0.01,282.56,23.90
282654,0.24,-0.12,-9.96,0.01,-0.06,-0.01,282.46,23.90
283715,0.20,0.00,-9.96,0.00,-0.06,-0.01,282.58,23.90
284775,0.20,-0.08,-9.96,0.01,-0.06,-0.01,282.56,23.90
285836,0.24,0.00,-9.81,0.01,-0.06,-0.01,282.52,23.90
286896,0.24,-0.04,-9.77,0.01,-0.06,-0.01,282.55,23.90
287957,0.27,-0.12,-9.85,0.01,-0.06,-0.01,282.53,23.90
289018,0.24,0.00,-10.04,0.01,-0.06,-0.01,282.57,23.90
290078,0.27,-0.12,-10.00,0.01,-0.06,-0.01,282.56,23.90
291156,0.20,-0.04,-9.92,0.01,-0.06,-0.01,282.55,23.90
292217,0.27,-0.08,-9.89,0.01,-0.06,-0.01,282.57,23.90
293277,0.31,-0.12,-10.12,0.01,-0.06,-0.01,282.62,23.90
294338,0.20,-0.12,-9.96,0.01,-0.06,-0.01,282.61,23.90
295398,0.24,-0.12,-9.81,0.01,-0.06,-0.01,282.59,23.90
296474,0.24,-0.16,-9.89,0.01,-0.06,-0.01,282.58,23.90
297534,0.20,-0.12,-9.92,0.02,-0.06,-0.01,282.56,23.90
298619,0.24,-0.16,-9.81,0.01,-0.06,-0.01,282.60,23.90
299680,0.20,-0.12,-10.00,0.01,-0.06,-0.01,282.57,23.90
300746,0.16,-0.08,-10.04,0.01,-0.06,-0.01,282.62,23.90
301806,0.20,-0.08,-10.00,0.01,-0.06,-0.01,282.62,23.90
302867,0.24,-0.04,-9.92,0.01,-0.06,-0.01,282.64,23.90
303927,0.16,-0.08,-9.96,0.01,-0.06,-0.01,282.61,23.90
304988,0.16,-0.08,-9.92,0.01,-0.06,-0.01,282.59,23.90
306049,0.24,-0.08,-9.92,0.01,-0.06,-0.01,282.58,23.90
307109,0.16,-0.16,-9.89,0.01,-0.06,-0.01,282.62,23.90
308181,0.31,-0.12,-9.85,0.01,-0.06,-0.01,282.63,23.90
309241,0.16,-0.08,-9.92,0.01,-0.06,-0.01,282.61,23.90
310302,0.16,-0.08,-9.96,0.01,-0.06,-0.01,282.63,23.90
311361,0.27,-0.08,-9.89,0.01,-0.06,-0.01,282.61,23.90
312421,0.24,-0.12,-9.89,0.01,-0.06,-0.02,282.56,23.90
313482,0.20,-0.08,-9.89,0.01,-0.06,-0.01,282.61,23.90
314543,0.16,-0.16,-9.85,0.01,-0.06,-0.01,282.62,23.90
315603,0.24,0.04,-9.89,0.01,-0.06,-0.01,282.60,23.90
316664,0.20,-0.08,-9.77,0.01,-0.06,-0.01,282.57,23.90
317724,0.24,-0.04,-9.81,0.01,-0.06,-0.01,282.61,23.90
318785,0.24,-0.04,-9.81,0.01,-0.06,-0.01,282.61,23.90
319846,0.20,0.00,-9.81,0.01,-0.06,-0.01,282.65,23.90
320912,0.12,-0.08,-9.81,0.01,-0.06,-0.01,282.63,23.90
321972,0.16,-0.04,-9.85,0.01,-0.06,-0.01,282.62,23.90
323033,0.20,-0.12,-9.92,0.01,-0.06,-0.01,282.65,23.90
324093,0.16,-0.08,-9.89,0.01,-0.06,-0.01,282.61,23.90
325154,0.24,-0.04,-9.85,0.01,-0.06,-0.01,282.63,23.90
326215,0.24,-0.04,-9.81,0.01,-0.06,-0.01,282.63,23.90
327275,0.27,-0.08,-9.96,0.01,-0.06,-0.01,282.61,23.90
328336,0.12,0.00,-9.92,0.01,-0.06,-0.01,282.60,23.90
329396,0.20,-0.04,-10.04,0.01,-0.06,-0.01,282.62,23.90
330462,0.20,0.00,-9.81,0.01,-0.06,-0.01,282.66,23.90
331523,0.27,-0.16,-9.92,0.01,-0.06,-0.01,282.64,23.90
332583,0.20,-0.04,-9.89,0.01,-0.06,-0.01,282.64,23.90
333644,0.16,-0.12,-9.89,0.01,-0.06,-0.01,282.65,23.90
334704,0.27,-0.08,-9.69,0.01,-0.06,-0.01,282.68,23.90
335765,0.24,-0.04,-9.81,0.01,-0.06,-0.01,282.63,23.90
336826,0.20,-0.12,-9.89,0.01,-0.06,-0.01,282.65,23.90
337886,0.12,-0.12,-9.96,0.01,-0.06,-0.01,282.66,23.90
338947,0.20,-0.04,-9.85,0.01,-0.06,-0.01,282.68,23.90
340044,0.16,-0.04,-9.89,0.01,-0.06,-0.01,282.69,23.90
341105,0.16,0.04,-9.92,0.01,-0.06,-0.02,282.67,23.90
342165,0.20,-0.04,-9.77,0.01,-0.06,-0.01,282.69,23.90
343241,0.27,-0.04,-9.92,0.01,-0.05,-0.01,282.69,23.90
344302,0.20,0.00,-9.85,0.01,-0.06,-0.01,282.72,23.90
345387,0.27,-0.04,-9.89,0.01,-0.05,-0.01,282.71,23.90
346447,0.24,-0.04,-9.85,0.01,-0.06,-0.01,282.67,23.90
347508,0.24,-0.12,-9.89,0.01,-0.06,-0.01,282.73,23.90
348569,0.20,-0.04,-9.85,0.01,-0.06,-0.01,282.67,23.90
349629,0.20,-0.04,-9.85,0.01,-0.06,-0.01,282.71,23.90
350695,0.16,-0.04,-9.77,0.01,-0.06,-0.01,282.66,23.90
351756,0.24,-0.04,-9.85,0.01,-0.06,-0.01,282.69,23.90
352816,0.24,-0.04,-9.92,0.01,-0.06,-0.01,282.68,23.90
353877,0.16,-0.08,-9.89,0.01,-0.06,-0.01,282.64,23.90
354938,0.27,-0.08,-9.85,0.01,-0.06,-0.01,282.70,23.90
356010,0.24,-0.04,-9.81,0.01,-0.06,-0.01,282.67,23.90
357071,0.31,-0.12,-9.85,0.01,-0.06,-0.01,282.70,23.90
358132,0.24,-0.08,-9.81,0.01,-0.06,-0.01,282.71,23.90
359192,0.16,-0.08,-9.96,0.01,-0.06,-0.01,282.71,23.90
360258,0.31,-0.08,-9.77,0.01,-0.06,-0.01,282.68,23.90
361318,0.16,0.00,-9.89,0.01,-0.06,-0.01,282.67,23.90
362379,0.20,0.00,-9.85,0.01,-0.06,-0.01,282.74,23.90
363440,0.27,-0.04,-9.92,0.01,-0.06,-0.01,282.71,23.90
364511,0.20,-0.20,-10.08,0.01,-0.06,-0.01,282.73,23.90
365572,0.20,-0.12,-9.96,0.01,-0.06,-0.01,282.70,23.90
366633,0.31,-0.04,-9.85,0.01,-0.06,-0.01,282.67,23.90
367693,0.20,-0.08,-9.96,0.01,-0.06,-0.01,282.72,23.90
368754,0.24,-0.08,-9.81,0.01,-0.06,-0.01,282.76,23.90
369820,0.20,-0.04,-9.89,0.01,-0.06,-0.01,282.71,23.90
370880,0.16,-0.04,-9.85,0.01,-0.06,-0.01,282.73,23.90
371941,0.24,-0.04,-9.81,0.01,-0.06,-0.01,282.74,23.90
373001,0.20,-0.04,-9.92,0.01,-0.06,-0.01,282.72,23.90
374062,0.27,-0.08,-9.92,0.01,-0.06,-0.01,282.74,23.90
375123,0.20,-0.04,-9.92,0.01,-0.06,-0.02,282.70,23.90
376183,0.35,-0.08,-10.08,0.01,-0.06,-0.01,282.73,23.90
377244,0.20,-0.04,-9.92,0.01,-0.06,-0.01,282.69,23.90
378305,0.20,-0.04,-9.85,0.01,-0.06,-0.01,282.71,23.90
379365,0.20,-0.08,-9.85,0.01,-0.06,-0.01,282.75,23.90
380431,0.27,-0.04,-9.89,0.01,-0.06,-0.01,282.73,23.90
381492,0.16,-0.08,-9.85,0.01,-0.06,-0.01,282.70,23.90
382552,0.20,-0.08,-9.92,0.01,-0.06,-0.01,282.74,23.90
383613,0.20,-0.08,-9.85,0.01,-0.06,-0.01,282.74,23.90
384673,0.24,-0.04,-9.89,0.01,-0.06,-0.01,282.76,23.90
385734,0.16,-0.04,-9.81,0.01,-0.06,-0.01,282.79,23.90
386795,0.24,-0.08,-9.92,0.01,-0.06,-0.01,282.72,23.90
387855,0.12,-0.08,-9.81,0.01,-0.06,-0.01,282.73,23.90
388916,0.24,-0.08,-10.04,0.01,-0.06,-0.01,282.79,23.90
389982,0.16,-0.08,-9.89,0.01,-0.06,-0.01,282.69,23.90
391057,0.24,-0.12,-9.89,0.01,-0.06,-0.01,282.74,23.90
392142,0.24,-0.08,-9.85,0.01,-0.06,-0.01,282.75,23.90
393202,0.24,-0.08,-9.85,0.01,-0.06,-0.01,282.76,23.90
394263,0.24,-0.04,-9.85,0.01,-0.06,-0.01,282.77,23.90
395324,0.24,-0.08,-9.85,0.01,-0.06,-0.01,282.76,23.90
396384,0.20,-0.12,-9.96,0.01,-0.06,-0.01,282.75,23.90
397445,0.20,-0.08,-9.85,0.01,-0.06,-0.01,282.73,23.90
398506,0.12,-0.12,-9.89,0.01,-0.06,-0.01,282.73,23.90
399572,0.20,-0.08,-9.96,0.01,-0.06,-0.01,282.74,23.90
400632,0.24,-0.04,-9.92,0.01,-0.06,-0.01,282.75,23.90
401693,0.24,-0.08,-9.89,0.01,-0.06,-0.01,282.77,23.90
402753,0.20,-0.08,-9.92,0.01,-0.06,-0.01,282.77,23.90
403814,0.20,-0.04,-9.85,0.01,-0.06,-0.01,282.80,23.90
404875,0.27,-0.04,-9.96,0.01,-0.06,-0.01,282.77,23.90
405935,0.20,-0.08,-9.85,0.01,-0.06,-0.01,282.78,23.90
406996,0.16,-0.12,-9.92,0.01,-0.06,-0.01,282.76,23.90
408056,0.27,-0.04,-9.89,0.01,-0.05,-0.02,282.75,23.90
409117,0.16,-0.08,-9.96,0.01,-0.05,-0.01,282.71,23.90
410183,0.16,-0.08,-9.81,0.01,-0.06,-0.01,282.76,23.90
411243,0.20,-0.08,-9.89,0.01,-0.06,-0.01,282.80,23.90
412304,0.31,-0.12,-9.92,0.01,-0.06,-0.01,282.77,23.90
413365,0.16,-0.08,-9.85,0.01,-0.06,-0.01,282.77,23.90
414425,0.20,-0.08,-9.89,0.01,-0.06,-0.01,282.80,23.90
415486,0.16,-0.04,-9.85,0.01,-0.06,-0.01,282.77,23.90
416547,0.27,-0.04,-9.89,0.01,-0.06,-0.01,282.77,23.90
417607,0.16,-0.12,-9.89,0.01,-0.06,-0.01,282.77,23.90
418668,0.27,-0.12,-10.04,0.01,-0.06,-0.01,282.75,23.90
419757,0.24,-0.04,-9.89,0.01,-0.06,-0.01,282.77,23.90
420817,0.16,-0.04,-9.85,0.01,-0.06,-0.01,282.79,23.90
421878,0.27,-0.04,-9.92,0.01,-0.06,-0.01,282.76,23.90
422938,0.20,0.00,-10.00,0.01,-0.06,-0.02,282.84,23.90
423999,0.16,-0.04,-9.89,0.01,-0.06,-0.01,282.79,23.90
425059,0.16,-0.04,-9.89,0.01,-0.06,-0.01,282.73,23.90
426120,0.24,0.00,-9.96,0.01,-0.06,-0.01,282.77,23.90
427181,0.12,-0.12,-9.85,0.01,-0.05,-0.02,282.80,23.90
428241,0.24,-0.08,-9.85,0.01,-0.06,-0.01,282.77,23.90
429307,0.16,-0.08,-9.89,0.01,-0.06,-0.01,282.79,23.90
430368,0.20,-0.12,-9.92,0.01,-0.06,-0.01,282.78,23.90
431428,0.24,0.00,-9.85,0.01,-0.06,-0.01,282.76,23.90
432489,0.20,0.00,-9.89,0.01,-0.06,-0.01,282.84,23.90
433550,0.20,-0.08,-9.85,0.01,-0.06,-0.01,282.80,23.90
434610,0.20,-0.12,-9.89,0.01,-0.06,-0.01,282.79,23.90
435671,0.27,0.00,-9.85,0.01,-0.06,-0.01,282.80,23.90
436731,0.24,-0.04,-9.89,0.01,-0.06,-0.01,282.78,23.90
437792,0.16,0.00,-9.89,0.01,-0.06,-0.01,282.76,23.90
438892,0.24,-0.04,-9.92,0.01,-0.06,-0.01,282.78,23.90
439958,0.16,0.00,-9.81,0.01,-0.06,-0.01,282.78,23.90
441018,0.24,-0.12,-9.96,0.01,-0.06,-0.01,282.78,23.90
442079,0.20,-0.12,-9.85,0.01,-0.06,-0.01,282.80,23.90
443140,0.27,0.00,-9.96,0.01,-0.06,-0.01,282.79,23.90
444200,0.24,-0.04,-9.85,0.01,-0.06,-0.01,282.83,23.90
445261,0.16,-0.04,-9.89,0.01,-0.06,-0.01,282.78,23.90
446321,0.20,-0.04,-9.92,0.01,-0.06,-0.01,282.79,23.90
447382,0.27,-0.08,-9.85,0.01,-0.06,-0.01,282.81,23.90
448443,0.16,0.00,-9.89,0.01,-0.06,-0.01,282.81,23.90
449509,0.24,-0.04,-9.77,0.01,-0.06,-0.01,282.77,23.90
450569,0.20,-0.16,-9.96,0.01,-0.06,-0.01,282.81,23.90
451630,0.24,-0.04,-9.89,0.01,-0.06,-0.01,282.80,23.90
452690,0.20,-0.12,-9.85,0.01,-0.06,-0.01,282.80,23.90
453751,0.20,-0.08,-9.96,0.01,-0.06,-0.01,282.80,23.90
454812,0.20,-0.12,-9.96,0.01,-0.06,-0.01,282.79,23.90
455873,0.24,-0.04,-9.89,0.01,-0.06,-0.01,282.80,23.90
456933,0.24,-0.04,-9.85,0.01,-0.06,-0.01,282.80,23.90
457994,0.24,-0.04,-9.85,0.01,-0.06,-0.02,282.85,23.90
459060,0.16,-0.08,-9.92,0.01,-0.06,-0.01,282.85,23.90
460120,0.27,-0.08,-9.89,0.01,-0.06,-0.01,282.84,23.90
461181,0.16,-0.08,-9.85,0.01,-0.06,-0.02,282.84,23.90
462241,0.24,-0.08,-9.96,0.01,-0.06,-0.01,282.80,23.90
463302,0.27,0.00,-9.96,0.01,-0.06,-0.01,282.78,23.90
464363,0.24,-0.08,-9.89,0.01,-0.06,-0.01,282.82,23.90
465423,0.12,-0.08,-9.89,0.01,-0.06,-0.01,282.79,23.90
466484,0.24,-0.08,-9.85,0.01,-0.06,-0.01,282.82,23.90
467545,0.24,-0.04,-9.96,0.01,-0.06,-0.01,282.78,23.90
468605,0.24,-0.08,-9.96,0.01,-0.06,-0.01,282.83,23.90
469671,0.20,-0.04,-9.92,0.01,-0.06,-0.01,282.83,23.90
470732,0.20,-0.08,-9.92,0.01,-0.06,-0.01,282.85,23.90
471792,0.27,-0.12,-10.00,0.01,-0.06,-0.01,282.82,23.90
472853,0.24,-0.04,-9.81,0.01,-0.06,-0.01,282.82,23.90
473913,0.16,-0.08,-9.85,0.01,-0.06,-0.01,282.79,23.90
474985,0.12,-0.04,-9.85,0.01,-0.06,-0.01,282.76,23.90
476046,0.24,-0.04,-9.69,0.01,-0.07,-0.01,282.77,23.90
477106,0.16,-0.04,-9.85,0.01,-0.06,-0.01,282.82,23.90
478167,0.12,-0.04,-9.96,0.01,-0.06,-0.01,282.80,23.90
479233,0.16,-0.12,-9.89,0.01,-0.06,-0.01,282.82,23.90
480293,0.24,-0.12,-9.85,0.01,-0.06,-0.01,282.79,23.90
481354,0.24,-0.16,-9.89,0.01,-0.06,-0.01,282.77,23.90
482414,0.16,-0.08,-9.85,0.01,-0.06,-0.01,282.80,23.90
483503,0.16,-0.08,-9.85,0.01,-0.06,-0.01,282.80,23.90
484564,0.24,-0.08,-9.89,0.01,-0.06,-0.01,282.82,23.90
485648,0.16,-0.08,-9.96,0.01,-0.06,-0.01,282.81,23.90
486724,0.20,-0.04,-9.89,0.01,-0.06,-0.01,282.78,23.90
487785,0.24,-0.12,-9.89,0.01,-0.06,-0.01,282.79,23.90
488851,0.24,-0.08,-9.96,0.01,-0.06,-0.01,282.78,23.90
489911,0.20,0.00,-9.85,0.01,-0.06,-0.02,282.80,23.90
490972,0.20,-0.08,-9.89,0.01,-0.06,-0.01,282.79,23.90
492032,0.16,-0.12,-9.85,0.01,-0.06,-0.01,282.76,24.00
493093,0.08,-0.08,-9.85,0.01,-0.06,-0.01,282.80,23.90
494154,0.20,-0.08,-9.92,0.01,-0.06,-0.01,282.81,23.90
495214,0.16,0.00,-9.89,0.01,-0.06,-0.01,282.78,23.90
496275,0.20,-0.08,-9.89,0.01,-0.06,-0.01,282.78,24.00
497335,0.16,-0.08,-10.00,0.01,-0.06,-0.01,282.77,23.90
498396,0.12,-0.04,-9.85,0.01,-0.06,-0.01,282.79,23.90
499463,0.24,-0.04,-9.89,0.01,-0.06,-0.01,282.82,23.90
500523,0.20,-0.08,-9.85,0.01,-0.06,-0.01,282.82,23.90
501584,0.24,-0.08,-9.89,0.01,-0.06,-0.01,282.80,23.90
502645,0.24,-0.08,-9.89,0.01,-0.06,-0.01,282.81,23.90
503705,0.20,0.00,-9.89,0.01,-0.06,-0.01,282.79,23.90
504766,0.24,0.00,-9.89,0.01,-0.06,-0.01,282.82,23.90
505826,0.24,-0.04,-9.92,0.01,-0.06,-0.01,282.82,23.90
506887,0.20,-0.12,-9.96,0.01,-0.06,-0.01,282.82,23.90
507947,0.24,-0.08,-9.89,0.01,-0.06,-0.01,282.81,24.00
509014,0.20,-0.08,-9.89,0.01,-0.06,-0.01,282.79,23.90
510074,0.24,-0.04,-9.89,0.01,-0.06,-0.01,282.79,23.90
511135,0.24,-0.16,-9.85,0.01,-0.06,-0.01,282.82,24.00
512196,0.16,-0.04,-9.89,0.01,-0.06,-0.01,282.79,23.90
513256,0.20,-0.04,-9.89,0.01,-0.06,-0.01,282.81,23.90
514317,0.24,-0.04,-9.92,0.01,-0.06,-0.01,282.83,23.90
515377,0.20,-0.08,-9.96,0.01,-0.06,-0.01,282.78,23.90
516438,0.24,-0.08,-9.89,0.01,-0.06,-0.01,282.81,24.00
517498,0.24,-0.12,-9.92,0.01,-0.06,-0.01,282.80,24.00
518565,0.24,-0.08,-9.92,0.01,-0.06,-0.01,282.79,24.00
519625,0.20,-0.08,-9.85,0.01,-0.06,-0.01,282.82,23.90
520685,0.16,-0.04,-9.92,0.01,-0.06,-0.01,282.82,23.90
521746,0.20,-0.12,-9.81,0.01,-0.06,-0.01,282.85,24.00
522807,0.24,-0.08,-9.81,0.01,-0.06,-0.01,282.82,24.00
523867,0.16,-0.08,-9.92,0.01,-0.06,-0.01,282.81,23.90
524928,0.20,-0.16,-9.92,0.01,-0.06,-0.01,282.82,23.90
525988,0.20,-0.12,-9.89,0.01,-0.06,-0.01,282.77,24.00
527049,0.16,-0.08,-9.96,0.01,-0.06,-0.01,282.82,23.90
528110,0.27,-0.08,-9.89,0.01,-0.06,-0.01,282.75,23.90
529187,0.20,-0.08,-9.92,0.01,-0.06,-0.01,282.76,23.90
530247,0.27,-0.08,-9.92,0.01,-0.06,-0.01,282.78,23.90
531308,0.20,-0.08,-9.85,0.01,-0.06,-0.01,282.81,23.90
532392,0.16,-0.08,-10.04,0.01,-0.06,-0.01,282.82,23.90
533453,0.27,-0.12,-9.96,0.01,-0.06,-0.01,282.81,23.90
534529,0.20,-0.04,-9.92,0.01,-0.06,-0.02,282.80,23.90
535590,0.27,-0.12,-9.81,0.01,-0.06,-0.01,282.78,24.00
536650,0.24,-0.04,-9.92,0.01,-0.06,-0.01,282.82,24.00
537711,0.24,-0.04,-9.89,0.01,-0.06,-0.01,282.80,24.00
538777,0.20,-0.04,-9.89,0.01,-0.06,-0.01,282.85,24.00
539838,0.20,-0.12,-9.85,0.01,-0.06,-0.01,282.78,24.00
540898,0.24,-0.04,-9.96,0.01,-0.06,-0.01,282.78,23.90
541959,0.20,-0.04,-9.92,0.01,-0.06,-0.01,282.79,24.00
543019,0.20,-0.04,-9.89,0.01,-0.06,-0.01,282.79,24.00
544080,0.20,-0.08,-9.89,0.01,-0.06,-0.01,282.81,24.00
545141,0.20,-0.08,-9.89,0.01,-0.06,-0.01,282.80,24.00
546201,0.20,-0.04,-9.92,0.01,-0.06,-0.01,282.81,24.00
547274,0.20,-0.08,-9.77,0.01,-0.06,-0.01,282.82,24.00
548340,0.24,-0.12,-9.89,0.01,-0.06,-0.01,282.83,23.90
549401,0.20,-0.04,-9.85,0.01,-0.06,-0.01,282.81,24.00
550462,0.24,-0.08,-9.89,0.01,-0.06,-0.01,282.79,24.00
551522,0.24,-0.12,-9.85,0.01,-0.06,-0.01,282.82,24.00
552583,0.16,-0.08,-9.96,0.01,-0.06,-0.01,282.82,24.00
553643,0.16,-0.08,-9.89,0.01,-0.06,-0.01,282.81,24.00
554704,0.20,-0.04,-9.89,0.01,-0.06,-0.01,282.79,23.90
555764,0.20,-0.08,-9.89,0.01,-0.06,-0.01,282.82,24.00
556825,0.20,-0.04,-9.92,0.01,-0.06,-0.02,282.79,24.00
557891,0.20,-0.04,-9.92,0.01,-0.06,-0.01,282.82,24.00
558952,0.20,0.04,-9.89,0.01,-0.06,-0.01,282.79,24.00
560012,0.20,-0.16,-9.85,0.01,-0.06,-0.01,282.79,24.00
561073,0.16,-0.04,-9.92,0.01,-0.06,-0.01,282.79,24.00
562133,0.27,-0.04,-9.92,0.01,-0.06,-0.01,282.81,24.00
563194,0.24,-0.04,-9.89,0.01,-0.06,-0.01,282.81,24.00
564255,0.20,-0.08,-9.89,0.01,-0.06,-0.01,282.78,24.00
565315,0.24,-0.04,-10.00,0.01,-0.06,-0.01,282.81,24.00
566376,0.20,-0.12,-9.92,0.01,-0.06,-0.01,282.82,24.00
567437,0.16,-0.08,-9.92,0.01,-0.06,-0.01,282.82,24.00
568503,0.24,-0.08,-9.92,0.01,-0.06,-0.02,282.82,24.00
569564,0.16,-0.04,-9.96,0.01,-0.06,-0.01,282.83,24.00
570624,0.24,-0.08,-9.92,0.01,-0.06,-0.01,282.84,24.00
571685,0.12,-0.08,-9.96,0.01,-0.06,-0.01,282.81,24.00
572746,0.16,-0.12,-9.89,0.01,-0.06,-0.01,282.82,24.00
573806,0.16,-0.16,-9.92,0.01,-0.06,-0.01,282.84,24.00
574867,0.20,-0.08,-9.92,0.01,-0.06,-0.01,282.80,24.00
575927,0.24,-0.08,-9.96,0.01,-0.06,-0.01,282.82,24.00
576988,0.20,-0.04,-9.96,0.01,-0.06,-0.01,282.84,23.90
578054,0.16,0.00,-9.89,0.01,-0.07,-0.01,282.84,24.00
579139,0.20,-0.08,-9.89,0.01,-0.06,-0.01,282.81,24.00
580199,0.12,-0.08,-9.92,0.01,-0.06,-0.01,282.82,24.00
581260,0.16,-0.04,-9.96,0.01,-0.06,-0.01,282.83,24.00
582336,0.27,-0.08,-10.00,0.01,-0.06,-0.01,282.81,24.00
583396,0.20,-0.04,-9.85,0.01,-0.06,-0.01,282.79,24.00
584468,0.24,-0.08,-9.92,0.01,-0.06,-0.01,282.80,24.00
585529,0.24,-0.08,-9.85,0.01,-0.06,-0.01,282.83,24.00
586589,0.24,-0.04,-9.89,0.01,-0.06,-0.01,282.83,24.00
587656,0.16,-0.04,-9.92,0.01,-0.06,-0.01,282.81,24.00
588716,0.24,-0.08,-10.04,0.01,-0.06,-0.01,282.82,24.00
589777,0.20,-0.12,-9.92,0.01,-0.06,-0.01,282.82,23.90
590837,0.20,-0.04,-9.89,0.01,-0.06,-0.01,282.80,24.00
591898,0.12,-0.08,-9.85,0.01,-0.06,-0.02,282.81,24.00
592959,0.20,-0.12,-9.89,0.01,-0.06,-0.01,282.81,24.00
594019,0.16,-0.08,-9.92,0.01,-0.06,-0.01,282.82,24.00
595080,0.24,-0.08,-9.85,0.01,-0.06,-0.01,282.79,24.00
596141,0.27,-0.08,-9.92,0.01,-0.06,-0.01,282.83,24.00
597201,0.24,-0.04,-9.85,0.01,-0.06,-0.01,282.82,24.00
598268,0.20,-0.08,-9.89,0.01,-0.06,-0.01,282.84,24.00
599328,0.20,-0.08,-9.92,0.01,-0.06,-0.01,282.84,24.00
600388,0.20,-0.12,-9.89,0.01,-0.06,-0.01,282.84,24.00
601449,0.16,-0.08,-9.92,0.01,-0.06,-0.01,282.82,24.00
602510,0.20,-0.04,-9.92,0.01,-0.06,-0.01,282.83,24.00
603570,0.31,-0.04,-9.92,0.01,-0.06,-0.01,282.85,24.00
604631,0.20,0.00,-9.96,0.01,-0.06,-0.01,282.82,23.90
605691,0.24,-0.12,-9.89,0.01,-0.06,-0.01,282.84,24.00
606752,0.20,-0.08,-9.81,0.01,-0.06,-0.01,282.80,24.00
607818,0.20,-0.04,-9.89,0.01,-0.06,-0.01,282.85,24.00
608879,0.20,-0.12,-9.89,0.01,-0.06,-0.01,282.83,24.00
609939,0.16,-0.08,-9.89,0.01,-0.06,-0.01,282.80,24.00
611012,0.16,-0.08,-9.96,0.01,-0.06,-0.01,282.81,24.00
612072,0.12,-0.08,-9.92,0.01,-0.06,-0.01,282.81,24.00
613133,0.12,-0.08,-9.89,0.01,-0.06,-0.01,282.84,24.00
614193,0.20,-0.08,-9.85,0.01,-0.06,-0.01,282.85,24.00
615254,0.16,-0.08,-9.92,0.01,-0.06,-0.01,282.82,24.00
616315,0.12,-0.04,-9.96,0.01,-0.06,-0.01,282.84,24.00
617381,0.20,-0.12,-9.96,0.01,-0.06,-0.01,282.83,24.00
618441,0.27,-0.04,-9.92,0.01,-0.06,-0.01,282.83,24.00
619502,0.24,0.00,-9.96,0.01,-0.06,-0.01,282.85,24.00
620562,0.24,-0.04,-9.89,0.01,-0.06,-0.01,282.82,24.00
621623,0.16,-0.04,-10.00,0.01,-0.06,-0.01,282.80,24.00
622684,0.16,0.00,-9.85,0.01,-0.06,-0.01,282.82,24.00
623744,0.20,-0.08,-9.85,0.01,-0.06,-0.01,282.84,24.00
624805,0.08,-0.08,-9.89,0.01,-0.06,-0.01,282.85,24.00
625890,0.16,-0.08,-9.89,0.01,-0.06,-0.01,282.81,24.00
626951,0.20,-0.08,-9.96,0.01,-0.06,-0.01,282.84,24.00
628017,0.12,-0.16,-9.85,0.01,-0.06,-0.01,282.83,24.00
629077,0.24,-0.08,-9.92,0.01,-0.06,-0.01,282.87,24.00
630153,0.24,-0.04,-9.89,0.01,-0.06,-0.01,282.82,24.00
631214,0.16,-0.08,-9.92,0.01,-0.06,-0.01,282.84,24.00
632274,0.20,-0.12,-9.89,0.01,-0.06,-0.01,282.85,24.00
633335,0.20,-0.08,-10.04,0.01,-0.06,-0.01,282.81,24.00
634396,0.20,-0.04,-9.73,-0.02,-0.07,-0.01,282.85,24.00
635456,0.24,-0.08,-9.96,0.01,-0.06,-0.01,282.85,24.00
636517,0.20,-0.08,-9.92,0.01,-0.06,-0.01,282.88,24.00
637583,0.27,-0.12,-9.92,0.00,-0.06,-0.01,282.88,24.00
638655,0.16,-0.04,-9.77,0.01,-0.06,-0.01,282.84,24.00
639715,0.20,-0.04,-9.92,0.01,-0.06,-0.01,282.83,24.00
640776,0.16,-0.08,-9.92,0.01,-0.06,-0.01,282.84,24.00
641837,0.16,-0.04,-9.92,0.01,-0.06,-0.01,282.82,24.00
642898,0.24,-0.08,-9.77,0.01,-0.06,-0.01,282.83,24.00
643958,0.27,-0.08,-9.81,0.01,-0.06,-0.01,282.82,24.00
645019,0.20,-0.08,-10.00,0.01,-0.06,-0.01,282.81,24.00
646080,0.20,-0.04,-10.00,0.01,-0.07,-0.01,282.85,24.00
647146,0.16,-0.04,-9.96,0.01,-0.06,-0.02,282.81,24.00
648207,0.27,-0.16,-9.92,0.01,-0.06,-0.01,282.83,24.00
649267,0.20,-0.04,-9.92,0.01,-0.06,-0.01,282.83,24.00
650328,0.20,-0.12,-9.89,0.01,-0.06,-0.01,282.79,24.00
651389,0.20,-0.04,-9.92,0.01,-0.06,-0.01,282.81,24.00
652449,0.20,-0.12,-9.92,0.01,-0.06,-0.01,282.80,24.00
653510,0.20,-0.08,-9.89,0.01,-0.06,-0.01,282.84,24.00
654570,0.16,-0.12,-9.92,0.01,-0.06,-0.01,282.81,24.00
655631,0.20,-0.08,-9.89,0.01,-0.06,-0.01,282.84,24.00
656692,0.08,-0.08,-10.00,0.01,-0.06,-0.01,282.85,24.00
657758,0.20,-0.12,-9.92,0.01,-0.06,-0.01,282.84,24.00
658820,0.20,-0.04,-9.96,0.01,-0.06,-0.01,282.81,24.00
659882,0.24,0.04,-9.81,0.01,-0.06,-0.02,282.83,24.00
660944,0.16,0.00,-10.00,0.02,-0.05,-0.02,282.81,24.00
662007,0.16,-0.08,-9.96,0.01,-0.06,-0.01,282.85,24.00
663069,0.24,-0.04,-9.89,0.01,-0.06,-0.01,282.80,24.00
664132,0.27,-0.08,-9.89,0.01,-0.06,-0.01,282.84,24.00
665194,0.16,-0.08,-9.85,0.01,-0.06,-0.01,282.83,24.00
666256,0.24,-0.08,-9.81,0.01,-0.06,-0.01,282.85,24.00
667324,0.24,-0.12,-10.00,0.01,-0.06,-0.01,282.85,24.00
668387,0.20,-0.08,-10.00,0.01,-0.06,-0.01,282.87,24.00
669449,0.20,-0.08,-9.92,0.01,-0.06,-0.01,282.85,24.00
670511,0.16,-0.12,-9.96,0.01,-0.06,-0.01,282.85,24.00
671574,0.20,-0.08,-9.89,0.01,-0.06,-0.01,282.85,24.00
672660,0.12,-0.16,-9.92,0.01,-0.06,-0.01,282.84,24.00
673723,0.24,-0.04,-9.92,0.01,-0.06,-0.01,282.85,24.00
674785,0.20,-0.16,-9.92,0.01,-0.06,-0.01,282.84,24.00
675859,0.20,-0.08,-9.92,0.01,-0.06,-0.01,282.85,24.00
676942,0.24,-0.04,-9.89,0.01,-0.06,-0.01,282.85,24.00
678005,0.24,-0.04,-9.77,0.01,-0.06,-0.01,282.85,24.00
679067,0.12,-0.12,-10.00,0.01,-0.06,-0.01,282.86,24.00
680130,0.16,-0.04,-9.81,0.01,-0.06,-0.01,282.85,24.00
681192,0.20,-0.08,-9.92,0.01,-0.06,-0.02,282.82,24.00
682255,0.16,-0.08,-10.00,0.01,-0.06,-0.02,282.85,24.00
683317,0.24,-0.04,-9.89,0.01,-0.06,-0.02,282.82,24.00
684379,0.12,-0.12,-9.92,0.01,-0.06,-0.01,282.85,24.00
685442,0.20,-0.04,-10.00,0.01,-0.06,-0.01,282.84,24.00
686663,0.20,-0.08,-9.92,0.01,-0.06,-0.01,282.85,24.00
687726,0.16,-0.04,-9.96,0.01,-0.06,-0.01,282.87,24.00
688789,0.12,-0.04,-9.89,0.01,-0.06,-0.01,282.84,24.00
689851,0.20,-0.04,-9.81,0.01,-0.06,-0.01,282.85,24.00
690913,0.24,-0.04,-9.89,0.01,-0.06,-0.01,282.87,24.00
691976,0.20,-0.12,-9.81,0.01,-0.06,-0.02,282.84,24.00
693038,0.16,0.00,-9.92,0.01,-0.06,-0.01,282.87,24.00
694101,0.24,-0.12,-9.92,0.01,-0.06,-0.01,282.85,24.00
695163,0.20,-0.04,-10.00,0.01,-0.06,-0.01,282.87,24.00
696236,0.16,-0.08,-9.92,0.01,-0.06,-0.01,282.84,24.00
697465,0.27,0.00,-9.89,0.01,-0.06,-0.01,282.89,24.00
698527,0.20,-0.08,-9.92,0.01,-0.06,-0.01,282.87,24.00
699589,0.12,-0.12,-9.92,0.01,-0.06,-0.01,282.86,24.00
700652,0.24,-0.04,-9.85,0.01,-0.06,-0.01,282.86,24.00
701714,0.20,-0.12,-9.96,0.01,-0.06,-0.01,282.80,24.00
702777,0.20,-0.12,-9.96,0.01,-0.06,-0.01,282.85,24.00
703839,0.24,-0.04,-9.89,0.01,-0.06,-0.01,282.87,24.00
704901,0.16,-0.16,-9.96,0.01,-0.06,-0.02,282.85,24.00
705964,0.27,-0.04,-9.81,0.01,-0.06,-0.01,282.85,24.00
707195,0.12,-0.12,-9.92,0.01,-0.06,-0.01,282.86,24.00
708257,0.27,-0.12,-9.89,0.01,-0.06,-0.01,282.85,24.00
709319,0.20,-0.04,-9.92,0.01,-0.06,-0.01,282.88,24.00
710381,0.20,-0.08,-9.92,0.01,-0.06,-0.01,282.85,24.00
711443,0.20,-0.08,-9.92,0.01,-0.06,-0.01,282.88,24.00
712505,0.20,-0.08,-10.00,0.01,-0.06,-0.01,282.83,24.00
713567,0.08,-0.08,-9.96,0.01,-0.06,-0.01,282.87,24.00
714629,0.20,-0.08,-9.96,0.01,-0.06,-0.01,282.88,24.00
715691,0.12,-0.08,-9.92,0.01,-0.06,-0.01,282.86,24.00
716921,0.24,-0.08,-10.04,0.01,-0.06,-0.01,282.87,24.00
717983,0.20,-0.08,-9.85,0.01,-0.06,-0.01,282.84,24.00
719045,0.16,-0.12,-9.96,0.01,-0.06,-0.01,282.92,24.00
720131,0.20,-0.12,-9.96,0.01,-0.06,-0.01,282.86,24.00
721193,0.20,-0.04,-9.92,0.01,-0.06,-0.01,282.88,24.00
722255,0.12,-0.04,-9.92,0.01,-0.06,-0.01,282.87,24.00
723317,0.16,-0.12,-9.85,0.01,-0.06,-0.01,282.88,24.00
724379,0.20,-0.04,-9.81,0.01,-0.06,-0.01,282.89,24.00
725441,0.20,-0.08,-9.96,0.01,-0.06,-0.01,282.87,24.00
726504,0.16,-0.08,-9.92,0.01,-0.06,-0.01,282.86,24.00
727732,0.20,-0.04,-9.85,0.01,-0.06,-0.01,282.90,24.00
728794,0.20,-0.12,-9.85,0.01,-0.06,-0.01,282.89,24.00
729871,0.16,-0.04,-9.85,0.01,-0.06,-0.01,282.86,24.00
730934,0.16,-0.04,-9.92,0.01,-0.06,-0.01,282.85,24.00
731996,0.20,-0.12,-9.89,0.01,-0.06,-0.01,282.89,24.00
733058,0.16,0.00,-10.00,0.01,-0.06,-0.01,282.93,24.00
734120,0.24,-0.08,-9.89,0.01,-0.06,-0.02,282.88,24.00
735194,0.16,-0.16,-9.92,0.01,-0.06,-0.01,282.85,24.00
736256,0.20,-0.12,-9.92,0.01,-0.06,-0.01,282.86,24.00
737490,0.20,-0.08,-9.85,0.01,-0.06,-0.01,282.87,24.00
738553,0.16,-0.04,-9.96,0.01,-0.06,-0.01,282.88,24.00
739615,0.24,-0.12,-9.96,0.01,-0.06,-0.01,282.88,24.00
740677,0.27,0.00,-9.92,0.01,-0.06,-0.01,282.85,24.00
741739,0.16,-0.16,-9.89,0.01,-0.06,-0.01,282.85,24.00
742802,0.16,-0.12,-9.89,0.01,-0.06,-0.01,282.86,24.00
743864,0.16,-0.08,-9.92,0.01,-0.06,-0.01,282.89,24.00
744926,0.20,-0.12,-9.92,0.01,-0.06,-0.01,282.86,24.00
745988,0.20,-0.04,-9.85,0.01,-0.06,-0.01,282.88,24.00
747222,0.20,0.00,-9.77,0.01,-0.06,-0.01,282.88,24.00
748284,0.12,-0.12,-9.89,0.01,-0.06,-0.01,282.92,24.00
749346,0.16,-0.12,-9.92,0.01,-0.06,-0.01,282.85,24.00
750419,0.20,0.12,-9.96,0.01,-0.06,-0.01,282.92,24.00
751482,0.27,-0.04,-9.89,0.01,-0.06,-0.01,282.85,24.00
752544,0.20,-0.04,-9.92,0.01,-0.06,-0.01,282.83,24.00
753606,0.16,-0.12,-9.89,0.01,-0.06,-0.01,282.85,24.00
754668,0.12,-0.08,-9.96,0.01,-0.06,-0.01,282.85,24.00
755730,0.12,-0.08,-10.00,0.01,-0.06,-0.01,282.85,24.00
756792,0.16,-0.04,-10.04,0.01,-0.06,-0.01,282.87,24.00
757999,0.20,-0.12,-9.89,0.01,-0.06,-0.01,282.91,24.00
759061,0.16,-0.04,-10.00,0.01,-0.06,-0.01,282.85,24.00
760124,0.08,-0.04,-9.85,0.01,-0.06,-0.01,282.85,24.00
761186,0.12,-0.08,-9.96,0.01,-0.06,-0.01,282.88,24.00
762248,0.16,-0.04,-9.89,0.01,-0.06,-0.01,282.87,24.00
763310,0.12,-0.04,-9.89,0.01,-0.06,-0.01,282.85,24.00
764372,0.20,0.00,-9.92,0.01,-0.06,-0.01,282.89,24.00
765434,0.24,-0.08,-9.89,0.01,-0.06,-0.01,282.84,24.00
766497,0.16,-0.08,-9.92,0.01,-0.06,-0.01,282.89,24.00
767589,0.16,-0.08,-9.89,0.01,-0.06,-0.01,282.82,24.00
768651,0.20,-0.08,-9.96,0.01,-0.06,-0.01,282.85,24.00
769713,0.20,-0.08,-9.92,0.01,-0.06,-0.01,282.85,24.00
770775,0.08,-0.08,-9.92,0.01,-0.06,-0.01,282.88,24.00
771838,0.20,-0.12,-9.96,0.01,-0.06,-0.01,282.91,24.00
772900,0.16,-0.16,-9.96,0.01,-0.06,-0.01,282.87,24.00
773962,0.20,-0.08,-9.85,0.01,-0.06,-0.01,282.88,24.00
775024,0.16,-0.08,-9.89,0.01,-0.06,-0.01,282.88,24.00
776086,0.16,-0.08,-10.00,0.01,-0.06,-0.01,282.85,24.00
777153,0.16,-0.12,-10.00,0.01,-0.06,-0.02,282.85,24.00
778216,0.20,-0.08,-10.00,0.01,-0.06,-0.01,282.87,24.00
779278,0.16,-0.12,-9.92,0.01,-0.06,-0.01,282.88,24.00
780340,0.20,-0.04,-9.92,0.01,-0.06,-0.01,282.94,24.00
781403,0.20,-0.08,-9.89,0.01,-0.06,-0.01,282.86,24.00
782465,0.24,-0.04,-9.89,0.01,-0.06,-0.01,282.87,24.00
783542,0.24,0.00,-9.92,0.01,-0.06,-0.01,282.89,24.00
784604,0.20,-0.12,-9.92,0.01,-0.06,-0.01,282.87,24.00
785666,0.16,-0.12,-9.96,0.01,-0.06,-0.01,282.89,24.00
786733,0.20,-0.12,-9.92,0.01,-0.06,-0.01,282.87,24.00
787795,0.16,-0.08,-9.89,0.01,-0.06,-0.01,282.86,24.00
788857,0.24,-0.08,-9.96,0.01,-0.06,-0.01,282.86,24.00
789920,0.20,-0.08,-9.92,0.01,-0.06,-0.01,282.89,24.00
790982,0.20,-0.08,-9.92,0.01,-0.06,-0.01,282.88,24.00
792044,0.24,-0.08,-9.92,0.01,-0.06,-0.01,282.89,24.00
793118,0.12,-0.08,-9.96,0.01,-0.06,-0.01,282.87,24.00
794181,0.27,-0.12,-9.96,0.01,-0.06,-0.01,282.86,24.00
795243,0.12,-0.04,-9.92,0.01,-0.06,-0.01,282.87,24.00
796305,0.16,-0.08,-9.92,0.01,-0.06,-0.01,282.88,24.00
797372,0.12,-0.08,-9.92,0.01,-0.06,-0.01,282.86,24.00
798434,0.16,-0.04,-10.00,0.01,-0.06,-0.01,282.90,24.00
799497,0.12,-0.08,-9.96,0.01,-0.06,-0.01,282.85,24.00
800559,0.20,-0.12,-9.89,0.01,-0.06,-0.01,282.88,24.00
801621,0.20,-0.04,-9.89,0.01,-0.06,-0.01,282.86,24.00
802683,0.27,-0.04,-9.89,0.01,-0.06,-0.02,282.90,24.00
803745,0.20,-0.04,-9.92,0.01,-0.06,-0.01,282.85,24.00
804808,0.24,-0.04,-10.00,0.01,-0.06,-0.01,282.90,24.00
805880,0.16,-0.08,-9.96,0.01,-0.06,-0.01,282.87,24.00
806948,0.20,-0.12,-9.92,0.01,-0.06,-0.01,282.88,24.00
808010,0.20,-0.08,-9.89,0.01,-0.06,-0.01,282.86,24.00
809072,0.16,-0.08,-9.92,0.01,-0.06,-0.01,282.90,24.00
810134,0.16,-0.16,-9.85,0.01,-0.06,-0.01,282.90,24.00
811197,0.27,-0.12,-9.89,0.01,-0.06,-0.01,282.89,24.00
812259,0.16,-0.04,-9.96,0.01,-0.06,-0.01,282.89,24.00
813321,0.20,-0.12,-9.92,0.01,-0.06,-0.01,282.89,24.00
814407,0.16,-0.12,-10.00,0.01,-0.06,-0.01,282.91,24.00
815469,0.24,-0.04,-9.92,0.01,-0.06,-0.02,282.93,24.00
816537,0.12,-0.08,-9.89,0.01,-0.06,-0.01,282.88,24.00
817599,0.16,-0.08,-10.04,0.01,-0.06,-0.01,282.85,24.00
818662,0.12,-0.20,-9.92,0.01,-0.06,-0.01,282.88,24.00
819724,0.20,-0.08,-10.04,0.01,-0.06,-0.01,282.89,24.00
820786,0.12,-0.12,-9.92,0.01,-0.06,-0.01,282.90,24.00
821849,0.16,-0.12,-9.85,0.01,-0.06,-0.01,282.87,24.00
822911,0.20,-0.12,-9.85,0.01,-0.06,-0.01,282.87,24.00
823973,0.20,-0.20,-9.89,0.01,-0.06,-0.01,282.93,24.00
825035,0.27,0.12,-9.96,0.01,-0.06,-0.01,282.88,24.00
826098,0.08,-0.27,-9.92,0.01,-0.06,-0.01,282.87,24.00
827165,0.31,0.00,-9.96,0.01,-0.06,-0.01,282.88,24.00
828227,0.12,-0.20,-9.96,0.01,-0.06,-0.01,282.89,24.00
829289,0.04,-0.12,-9.96,0.01,-0.06,-0.01,282.88,24.00
830352,0.16,-0.20,-9.96,0.01,-0.06,-0.01,282.88,24.00
831414,0.16,-0.12,-9.89,0.01,-0.06,-0.01,282.88,24.00
832477,0.20,-0.08,-9.92,0.01,-0.06,-0.01,282.90,24.00
833539,0.16,0.00,-9.96,0.01,-0.06,-0.01,282.89,24.00
834602,0.16,-0.08,-9.92,0.01,-0.06,-0.01,282.87,24.00
835664,0.16,-0.12,-9.85,0.01,-0.06,-0.01,282.87,24.00
836732,0.20,-0.08,-9.96,0.01,-0.06,-0.01,282.85,24.00
837809,0.24,-0.20,-9.92,0.01,-0.06,-0.01,282.91,24.00
838871,0.24,0.00,-9.89,0.01,-0.06,-0.02,282.89,24.00
839934,0.04,0.04,-10.00,0.01,-0.06,-0.03,282.88,24.00
840996,0.12,0.24,-9.85,0.01,-0.06,-0.01,282.91,24.00
842059,0.27,-0.04,-9.85,0.01,-0.05,-0.01,282.91,24.00
843121,0.12,0.16,-9.81,-0.00,-0.07,-0.02,282.90,24.00
844183,0.27,0.00,-9.89,0.01,-0.07,-0.01,282.90,24.00
845245,0.20,-0.16,-9.92,0.01,-0.06,-0.01,282.89,24.00
846323,0.12,-0.12,-9.92,0.01,-0.06,-0.02,282.96,24.00
847385,0.08,-0.24,-10.04,0.00,-0.06,-0.04,282.91,24.00
848447,0.35,-0.04,-9.81,0.01,-0.07,-0.01,282.92,24.00
849509,0.27,0.00,-9.96,0.02,-0.06,-0.01,282.92,24.00
850571,0.12,-0.04,-9.85,0.01,-0.06,-0.01,282.85,24.00
851645,0.51,1.45,-9.41,0.03,-0.04,0.03,282.88,24.00
852708,0.16,-1.22,-11.18,-0.00,-0.04,1.18,282.92,24.00
853770,0.43,-0.04,-9.81,0.00,-0.06,-0.05,282.90,24.00
854832,0.16,-0.16,-9.81,0.01,-0.06,-0.04,282.89,24.00
855894,0.08,-0.24,-10.08,0.00,-0.05,-0.00,282.86,24.00
856961,0.20,-0.35,-9.77,0.00,-0.07,-0.02,282.89,24.00
858023,0.86,-0.27,-9.92,0.02,-0.07,-0.02,282.87,24.00
859085,0.24,0.00,-9.81,0.01,-0.06,-0.01,282.88,24.00
860174,0.04,0.16,-9.85,0.00,-0.06,-0.01,282.91,24.00
861260,0.16,-0.16,-9.69,-0.00,-0.06,-0.03,282.90,24.00
862323,0.04,-0.12,-9.81,0.01,-0.06,-0.02,282.90,24.00
863385,0.12,-1.06,-10.08,0.00,-0.08,0.01,282.86,24.00
864447,-1.45,1.10,-10.79,0.00,-0.06,-0.05,282.92,24.00
865509,-0.43,-0.31,-10.55,0.01,-0.06,-0.01,282.92,24.00
866577,0.12,-0.08,-9.96,0.01,-0.06,-0.01,282.88,24.00
867639,0.16,0.00,-10.16,-0.24,-0.02,0.56,282.92,24.00
868701,-0.59,0.78,-9.73,-0.05,-0.21,0.89,282.88,24.00
869763,-0.51,0.71,-8.04,0.49,-0.06,1.68,282.87,24.00
870825,0.27,0.12,-10.24,0.15,0.40,-0.71,282.91,24.00
871887,0.47,0.04,-9.85,0.04,-0.06,-0.16,282.88,24.00
872949,0.67,0.08,-10.00,-0.01,-0.05,-0.08,282.86,24.00
874010,0.94,0.35,-9.96,-0.03,0.03,0.11,282.86,24.00
875072,-0.27,0.43,-10.75,0.16,0.27,-0.89,282.91,24.00
876140,0.20,1.10,-9.85,0.13,-0.04,-0.30,282.90,24.00
877202,2.20,0.98,-10.20,-0.04,0.07,-0.03,282.86,24.00
878264,0.04,2.04,-9.53,0.45,-0.37,-0.09,282.87,24.00
879326,0.27,1.53,-9.26,0.19,0.33,-0.51,282.91,24.00
880388,2.47,2.31,-9.18,-0.13,-0.12,0.52,282.93,24.00
881450,0.90,4.00,-8.43,0.43,-0.13,-0.21,282.85,24.00
882512,0.94,3.30,-10.71,-0.13,-0.15,0.38,282.94,24.00
883574,-0.27,0.82,-8.51,-1.05,-0.11,0.96,282.90,24.00
884636,-0.04,0.67,-9.65,0.07,0.13,-0.60,282.91,24.00
885698,0.00,0.00,-9.96,0.01,-0.06,-0.01,282.91,24.00
886781,-0.08,0.00,-10.04,0.01,-0.06,-0.01,282.88,24.00
887843,-0.04,0.04,-9.96,0.01,-0.06,-0.01,282.90,24.00
888905,-0.08,0.00,-10.04,0.01,-0.06,-0.01,282.91,24.00
889967,-0.08,0.16,-9.61,0.01,-0.06,-0.01,282.93,24.00
891029,0.00,0.00,-9.92,0.01,-0.06,-0.01,282.91,24.00
892091,0.00,0.00,-9.96,0.01,-0.06,-0.01,282.91,24.00
893153,-0.08,0.00,-9.89,0.01,-0.06,-0.01,282.91,24.00
894215,0.00,0.08,-9.89,0.01,-0.06,-0.01,282.89,24.00
895278,-0.16,0.08,-9.96,0.01,-0.06,-0.01,282.85,24.00
896345,-0.04,0.04,-9.85,0.01,-0.06,-0.01,282.90,24.00
897407,-0.08,0.00,-9.89,0.01,-0.06,-0.01,282.93,24.00
898469,-0.12,0.04,-9.92,0.01,-0.06,-0.01,282.93,24.00
899531,-0.12,0.04,-9.85,0.01,-0.06,-0.01,282.89,24.00
900593,-0.08,0.04,-9.89,0.01,-0.06,-0.01,282.95,24.00
901655,-0.04,-0.04,-9.89,0.01,-0.06,-0.01,282.93,24.00
902717,0.00,-0.04,-9.96,0.01,-0.06,-0.01,282.91,24.00
903779,-0.08,0.04,-9.96,0.01,-0.06,-0.01,282.90,24.00
904841,-0.04,0.00,-9.89,0.01,-0.06,-0.01,282.93,24.00
905908,-0.08,0.04,-9.85,0.01,-0.06,-0.01,282.91,24.00
906970,-0.08,0.04,-9.92,0.01,-0.06,-0.01,282.92,24.00
908056,-0.08,-0.04,-9.92,0.01,-0.06,-0.01,282.93,24.00
909118,0.12,0.08,-9.96,0.01,-0.06,-0.01,282.91,24.00
910180,-0.08,-0.04,-10.00,0.01,-0.06,-0.01,282.91,24.00
911242,0.00,0.04,-9.85,0.01,-0.06,-0.01,282.93,24.00
912305,0.00,0.00,-9.89,0.01,-0.06,-0.01,282.94,24.00
913367,-0.04,0.04,-9.89,0.01,-0.06,-0.01,282.94,24.00
914429,-0.04,0.04,-9.96,0.01,-0.06,-0.01,282.95,24.00
915514,-0.04,0.00,-9.92,0.01,-0.06,-0.02,282.94,24.00
916581,0.00,0.08,-9.92,0.01,-0.06,-0.01,282.92,24.00
917643,-0.08,0.04,-9.89,0.01,-0.06,-0.01,282.92,24.00
918706,-0.08,0.00,-9.96,0.01,-0.06,-0.01,282.91,24.00
919768,-0.08,0.00,-9.96,0.01,-0.06,-0.01,282.93,24.00
920830,-0.08,0.04,-9.96,0.01,-0.06,-0.01,282.94,24.00
921892,-0.08,0.04,-9.89,0.01,-0.06,-0.01,282.95,24.00
922954,-0.04,-0.04,-9.96,0.01,-0.06,-0.01,282.88,24.00
924016,-0.04,0.04,-9.96,0.01,-0.06,-0.01,282.91,24.00
925078,-0.08,0.04,-9.96,0.01,-0.06,-0.02,282.93,24.00
926145,-0.12,0.04,-9.89,0.01,-0.06,-0.01,282.92,24.00
927207,-0.12,0.04,-9.85,0.01,-0.06,-0.01,282.90,24.00
928269,-0.04,0.08,-10.00,0.01,-0.06,-0.02,282.91,24.00
929331,0.00,0.00,-10.04,0.01,-0.06,-0.01,282.92,24.00
930393,-0.08,0.04,-9.96,0.01,-0.06,-0.01,282.89,24.00
931455,-0.04,0.00,-9.89,0.01,-0.06,-0.01,282.87,24.00
932517,-0.08,0.04,-9.89,0.01,-0.06,-0.01,282.91,24.00
933579,-0.04,-0.04,-9.89,0.01,-0.06,-0.01,282.93,24.00
934656,-0.08,0.04,-9.92,0.01,-0.06,-0.01,283.00,24.00
935724,-0.16,0.00,-9.96,0.01,-0.06,-0.01,282.92,24.00
936786,-0.12,0.00,-9.96,0.01,-0.06,-0.01,282.92,24.00
937848,-0.04,0.08,-9.89,0.01,-0.06,-0.01,282.94,24.00
938910,-0.04,0.00,-9.96,0.01,-0.06,-0.01,282.93,24.00
939972,-0.08,0.00,-9.85,0.01,-0.06,-0.01,282.97,24.00
941034,0.08,0.04,-9.81,0.01,-0.06,-0.01,282.95,24.00
942096,-0.08,0.00,-10.00,0.01,-0.06,-0.01,282.95,24.00
943158,-0.04,0.00,-9.85,0.01,-0.06,-0.01,282.97,24.00
944220,-0.12,0.00,-9.85,0.01,-0.06,-0.01,282.96,24.00
945282,-0.08,0.00,-9.96,0.01,-0.06,-0.01,282.99,24.00
946343,-0.08,0.04,-10.00,0.01,-0.06,-0.01,282.92,24.00
947405,-0.16,0.00,-9.96,0.01,-0.06,-0.01,282.94,24.00
948468,-0.08,0.04,-9.89,0.01,-0.06,-0.01,282.94,24.00
949530,0.00,0.00,-9.85,0.01,-0.06,-0.01,282.94,24.00
950592,-0.08,0.04,-9.96,0.01,-0.06,-0.01,282.98,24.00
951653,0.00,-0.04,-10.08,0.01,-0.06,-0.01,282.93,24.00
952715,-0.16,0.08,-9.89,0.01,-0.06,-0.01,282.93,24.00
953778,-0.04,0.04,-9.96,0.01,-0.06,-0.01,282.96,24.00
954864,-0.04,0.00,-9.89,0.01,-0.06,-0.01,282.95,24.00
955931,-0.12,0.04,-9.96,0.01,-0.06,-0.01,282.93,24.00
956993,-0.08,0.04,-9.96,0.01,-0.06,-0.01,282.94,24.00
958055,-0.12,0.04,-9.92,0.01,-0.06,-0.01,282.91,24.00
959117,-0.04,-0.04,-10.00,0.01,-0.06,-0.01,282.97,24.00
960179,-0.04,0.04,-9.81,0.01,-0.06,-0.01,282.97,24.00
961242,-0.04,-0.04,-9.92,0.01,-0.06,-0.01,282.96,24.00
962304,-0.04,0.00,-10.00,0.01,-0.06,-0.01,282.95,24.00
963366,0.00,0.00,-9.89,0.01,-0.06,-0.01,282.92,24.00
964428,-0.04,0.04,-9.92,0.01,-0.06,-0.01,282.94,24.00
965495,-0.04,0.04,-9.92,0.01,-0.06,-0.01,282.96,24.00
966557,-0.04,-0.12,-9.92,0.01,-0.06,-0.01,282.96,24.00
967619,-0.08,0.04,-9.85,0.01,-0.06,-0.01,282.93,24.00
968681,0.00,0.08,-9.96,0.01,-0.06,-0.01,282.91,24.00
969743,-0.12,0.00,-9.96,0.01,-0.06,-0.01,282.94,24.00
970805,-0.04,0.00,-9.89,0.01,-0.06,-0.01,282.94,24.00
971878,-0.04,0.04,-9.96,0.01,-0.06,-0.01,282.91,24.00
972940,-0.98,0.39,-10.12,0.01,-0.06,-0.01,282.96,24.00
974002,-0.08,0.04,-9.92,0.01,-0.06,-0.01,282.96,24.00
975068,-0.08,0.04,-10.00,0.01,-0.06,-0.01,282.94,24.00
976129,-0.08,0.04,-9.92,0.01,-0.06,-0.01,282.95,24.00
977191,-0.04,0.00,-9.92,0.01,-0.06,-0.01,282.96,24.00
978253,-0.04,0.00,-9.92,0.01,-0.06,-0.01,282.97,24.00
979316,0.00,-0.04,-9.89,0.01,-0.06,-0.01,282.93,24.00
980389,-0.12,0.00,-9.96,0.01,-0.06,-0.01,283.00,24.00
981451,-0.08,0.00,-9.96,0.01,-0.06,-0.01,282.96,24.00
982529,-0.08,0.04,-9.85,0.01,-0.06,-0.01,282.98,24.00
983591,-0.08,0.00,-9.92,0.01,-0.06,-0.01,282.96,24.00
984653,-0.16,0.00,-10.00,0.01,-0.06,-0.01,282.95,24.00
985720,-0.12,0.00,-9.89,0.01,-0.06,-0.01,282.93,24.00
986782,-0.08,0.04,-9.89,0.01,-0.06,-0.01,282.96,24.00
987844,-0.12,0.04,-9.85,0.01,-0.06,-0.01,282.92,24.00
988906,-0.08,0.00,-10.00,0.01,-0.06,-0.01,282.95,24.00
989968,-0.08,0.04,-9.81,0.01,-0.06,-0.01,282.95,24.00
991030,0.00,0.04,-9.92,0.01,-0.06,-0.01,282.95,24.00
992092,-0.08,-0.04,-9.96,0.01,-0.06,-0.01,283.00,24.00
993154,-0.08,0.04,-10.04,0.01,-0.06,-0.01,282.96,24.00
994217,-0.04,0.04,-9.89,0.01,-0.06,-0.01,282.96,24.00
995284,-0.08,0.00,-9.96,0.01,-0.06,-0.01,282.90,24.00
996346,-0.08,0.08,-9.96,0.01,-0.06,-0.01,283.01,24.00
997408,-0.04,0.00,-9.89,0.01,-0.06,-0.01,282.94,24.00
998470,-0.04,0.00,-9.92,0.01,-0.06,-0.01,282.95,24.00
999533,-0.12,0.00,-9.96,0.01,-0.06,-0.01,282.98,24.00
1000595,-0.08,-0.04,-10.00,0.01,-0.06,-0.01,282.93,24.00
1001681,-0.04,-0.04,-9.96,0.01,-0.06,-0.01,282.95,24.00
1002743,-0.04,0.04,-9.92,0.01,-0.06,-0.01,282.94,24.00
1003805,0.00,0.00,-9.81,0.01,-0.06,-0.01,282.98,24.00
1004872,0.00,0.08,-9.89,0.01,-0.06,-0.01,282.94,24.00
1005934,-0.08,0.04,-9.89,0.01,-0.06,-0.01,282.98,24.00
1006996,-0.08,0.04,-9.92,0.01,-0.06,-0.01,282.95,24.00
1008058,-0.08,0.04,-9.89,0.01,-0.06,-0.01,282.98,24.00
1009120,-0.12,0.00,-9.92,0.01,-0.06,-0.01,282.97,24.00
1010182,-0.04,0.04,-9.92,0.01,-0.06,-0.01,282.98,24.00
1011245,-0.08,0.00,-9.96,0.01,-0.06,-0.01,282.96,24.00
1012307,-0.08,0.04,-9.89,0.01,-0.06,-0.01,282.97,24.00
1013369,0.00,0.00,-9.92,0.01,-0.06,-0.01,282.96,24.00
1014436,-0.04,0.04,-9.96,0.01,-0.06,-0.01,282.95,24.00
1015498,-0.04,0.00,-9.96,0.01,-0.06,-0.01,282.99,24.00
1016560,-0.12,-0.04,-9.92,0.01,-0.06,-0.01,282.97,24.00
1017622,-0.12,0.00,-9.96,0.01,-0.06,-0.01,282.96,24.00
1018684,-0.08,0.00,-9.92,0.01,-0.06,-0.01,282.98,24.00
1019746,-0.04,0.04,-9.89,0.01,-0.06,-0.01,283.02,24.00
1020809,-0.08,0.16,-9.81,0.01,-0.06,-0.01,282.97,24.10
1021871,-0.08,0.00,-10.00,0.01,-0.06,-0.01,282.94,24.00
1022933,-0.08,0.00,-9.96,0.01,-0.06,-0.01,283.00,24.00
1024000,-0.04,0.04,-9.92,0.01,-0.06,-0.01,282.93,24.00
1025063,0.00,-0.04,-9.96,0.01,-0.06,-0.01,282.96,24.00
1026125,-0.04,0.00,-9.92,0.01,-0.06,-0.01,282.98,24.00
1027198,-0.16,0.00,-9.96,0.01,-0.06,-0.01,282.97,24.00
1028260,0.04,-0.04,-9.89,0.01,-0.06,-0.01,282.94,24.00
1029322,-0.04,0.08,-10.36,0.01,-0.06,-0.01,282.97,24.00
1030399,-0.04,-0.04,-9.73,0.01,-0.06,-0.02,282.96,24.00
1031461,-0.12,0.00,-9.89,0.01,-0.06,-0.01,282.97,24.00
1032524,-0.04,0.04,-9.96,0.01,-0.06,-0.01,282.94,24.00
1033591,-0.04,0.00,-9.96,0.01,-0.06,-0.01,282.97,24.00
1034653,0.00,0.04,-9.85,0.01,-0.06,-0.01,282.95,24.00
1035715,-0.08,0.00,-9.89,0.01,-0.06,-0.01,282.97,24.00
1036777,-0.04,0.04,-9.85,0.01,-0.06,-0.01,282.97,24.00
1037839,-0.04,0.04,-9.81,0.01,-0.06,-0.01,282.97,24.00
1038901,-0.12,0.04,-9.85,0.01,-0.06,-0.01,282.96,24.00
1039963,-0.08,0.00,-9.92,0.01,-0.06,-0.01,282.94,24.00
1041025,-0.12,-0.04,-9.89,0.01,-0.06,-0.01,282.99,24.00
1042087,-0.04,0.04,-9.92,0.01,-0.06,-0.01,282.96,24.00
1043149,0.00,0.00,-9.85,0.01,-0.06,-0.01,282.97,24.00
1044228,-0.08,0.00,-9.89,0.01,-0.06,-0.01,282.93,24.00
1045290,0.00,0.04,-9.92,0.01,-0.06,-0.01,282.96,24.00
1046352,-0.04,-0.08,-9.81,0.01,-0.06,-0.01,282.92,24.00
1047414,-0.04,0.00,-9.92,0.01,-0.06,-0.01,282.97,24.00
1048500,0.00,0.00,-9.92,0.01,-0.06,-0.01,282.91,24.00
1049562,-0.04,0.08,-9.92,0.01,-0.06,-0.01,282.95,24.00
1050624,0.00,0.00,-9.96,0.01,-0.06,-0.01,282.98,24.00
1051687,-0.04,0.04,-9.85,0.01,-0.06,-0.01,282.97,24.00
1052749,-0.04,0.00,-9.92,0.01,-0.06,-0.01,282.97,24.00
1053816,1.37,-0.39,-10.75,-0.00,-0.07,1.26,283.01,24.00
1054878,-0.27,-0.16,-9.89,-0.00,-0.09,2.89,282.97,24.00
1055940,-0.63,0.55,-10.00,0.01,-0.05,0.37,282.91,24.00
1057002,-0.08,0.12,-9.96,0.01,-0.06,0.22,282.97,24.00
1058064,-0.08,0.20,-9.92,0.01,-0.06,-0.15,282.93,24.00
1059126,-0.04,0.12,-9.85,0.01,-0.07,-0.01,282.91,24.00
1060188,-0.08,0.04,-9.85,0.01,-0.06,-0.01,282.96,24.00
1061250,-0.08,0.04,-9.85,0.01,-0.06,-0.01,282.97,24.00
